epoch,accuracy,loss,val_accuracy,val_loss
0,0.20222513377666473,2.422004461288452,0.244047611951828,1.8807282447814941
1,0.29875653982162476,1.660457730293274,0.2529761791229248,1.626530647277832
2,0.32722511887550354,1.4443949460983276,0.2380952388048172,1.5217031240463257
3,0.34489527344703674,1.3373864889144897,0.2708333432674408,1.4070144891738892
4,0.34391361474990845,1.2616939544677734,0.2678571343421936,1.5134910345077515
5,0.35078534483909607,1.2276806831359863,0.2232142835855484,1.3041120767593384
